{
    "TightIso": {
        "alpha": 10.813394890392896, 
        "m_{0}": 38.92781079138855, 
        "sigma": 7.154049853067348, 
        "norm": 0.9999999998306011, 
        "n": 1.303458487587046
    }, 
    "VTightIso": {
        "alpha": 9.843820041768918, 
        "m_{0}": 38.70879156581108, 
        "sigma": 7.0213867160357095, 
        "norm": 0.9999958072000663, 
        "n": 1.3817985753546456
    }, 
    "MediumIso": {
        "alpha": 11.062062847584599, 
        "m_{0}": 39.1353730936795, 
        "sigma": 7.249153044848912, 
        "norm": 0.9894186957536464, 
        "n": 1.2988042580013928
    }, 
    "LooseIso": {
        "alpha": 10.890346403237373, 
        "m_{0}": 39.397509081956144, 
        "sigma": 7.330806060154404, 
        "norm": 0.9067886550474566, 
        "n": 1.5100944351779702
    }, 
    "NoIso": {
        "alpha": 10.841975447081829, 
        "m_{0}": 40.38628704096317, 
        "sigma": 7.7246247443684455, 
        "norm": 0.8791162916114181, 
        "n": 1.661173434569925
    }, 
    "VLooseIso": {
        "alpha": 11.524854586475376, 
        "m_{0}": 39.98067610624877, 
        "sigma": 7.5415010055764915, 
        "norm": 0.8980589493186942, 
        "n": 1.4696195627302093
    }, 
    "VVTightIso": {
        "alpha": 8.54128762742744, 
        "m_{0}": 38.50901309185163, 
        "sigma": 6.794544824085929, 
        "norm": 0.9419070690788068, 
        "n": 1.7497126552723927
    }
}
