{
    "TightIso": {
        "alpha": 14.00382789920248, 
        "m_{0}": 39.45986562841267, 
        "sigma": 7.4756272252553515, 
        "norm": 0.999999464802587, 
        "n": 1.135689571436718
    }, 
    "VTightIso": {
        "alpha": 11.480000793801498, 
        "m_{0}": 39.00007109448073, 
        "sigma": 7.396923181504284, 
        "norm": 0.9999998904004012, 
        "n": 1.2615896058806215
    }, 
    "MediumIso": {
        "alpha": 10.973170805144113, 
        "m_{0}": 39.773578567487974, 
        "sigma": 7.575496091939909, 
        "norm": 0.8849480677765127, 
        "n": 1.618715794049769
    }, 
    "LooseIso": {
        "alpha": 9.336629771255323, 
        "m_{0}": 40.36995493749704, 
        "sigma": 7.645256123167565, 
        "norm": 0.8035614926587464, 
        "n": 4.4873990055498885
    }, 
    "NoIso": {
        "alpha": 12.850594913196609, 
        "m_{0}": 44.36869821365439, 
        "sigma": 8.698649753402574, 
        "norm": 0.8923264103858848, 
        "n": 1.4600837817720551
    }, 
    "VLooseIso": {
        "alpha": 15.98705742227555, 
        "m_{0}": 42.610803065620544, 
        "sigma": 8.284058975524452, 
        "norm": 0.9999996728926274, 
        "n": 1.1017111756549658
    }, 
    "VVTightIso": {
        "alpha": 9.140655153862012, 
        "m_{0}": 38.52992775277204, 
        "sigma": 6.801662049817644, 
        "norm": 0.9999988770565947, 
        "n": 1.4402564043375918
    }
}
