{
    "TightIso": {
        "alpha": 7.301872862369342, 
        "m_{0}": 38.585308272334196, 
        "sigma": 5.611128781906076, 
        "norm": 0.8600521839194679, 
        "n": 3.00923339165087
    }, 
    "VTightIso": {
        "alpha": 6.46196978249114, 
        "m_{0}": 38.61816939576501, 
        "sigma": 5.3121446193581425, 
        "norm": 0.8695397557744137, 
        "n": 25.92063670572202
    }, 
    "MediumIso": {
        "alpha": 4.865577978754232, 
        "m_{0}": 39.056473082996675, 
        "sigma": 5.805509450286522, 
        "norm": 0.9999996190509862, 
        "n": 2.5759002412273504
    }, 
    "LooseIso": {
        "alpha": 32.56949458508318, 
        "m_{0}": 40.33670921519949, 
        "sigma": 6.740302438358663, 
        "norm": 0.8514444585639018, 
        "n": 1.0442729953523127
    }, 
    "NoIso": {
        "alpha": 4.866675573383909, 
        "m_{0}": 39.05676775109783, 
        "sigma": 5.80568406375585, 
        "norm": 0.9999996814023174, 
        "n": 2.575170024869837
    }, 
    "VLooseIso": {
        "alpha": 15.201299987553304, 
        "m_{0}": 42.708483042195994, 
        "sigma": 7.910870877973466, 
        "norm": 0.9999981030794868, 
        "n": 1.226606154164043
    }, 
    "VVTightIso": {
        "alpha": 6.094972631705137, 
        "m_{0}": 38.03330158839409, 
        "sigma": 5.200365778361106, 
        "norm": 0.9999999940489532, 
        "n": 1.691237814141131
    }
}
