{
    "TightIso": {
        "alpha": 6.836536730270316, 
        "m_{0}": 38.21002604572854, 
        "sigma": 5.254136949344147, 
        "norm": 0.9999999985053465, 
        "n": 1.536495100471217
    }, 
    "VTightIso": {
        "alpha": 6.577381524108123, 
        "m_{0}": 38.151981878931366, 
        "sigma": 5.207076870699302, 
        "norm": 0.999999011787773, 
        "n": 1.5901119142084932
    }, 
    "MediumIso": {
        "alpha": 6.450033787890605, 
        "m_{0}": 38.284528454342265, 
        "sigma": 5.325723144483816, 
        "norm": 0.9999977892914721, 
        "n": 1.6489256147899733
    }, 
    "LooseIso": {
        "alpha": 6.976904904779311, 
        "m_{0}": 38.44557290946112, 
        "sigma": 5.434655513633655, 
        "norm": 0.9999998301408307, 
        "n": 1.5609409340059397
    }, 
    "NoIso": {
        "alpha": 6.450107655090677, 
        "m_{0}": 38.284513544375116, 
        "sigma": 5.325716928817435, 
        "norm": 0.9999999971876338, 
        "n": 1.6488772300498389
    }, 
    "VLooseIso": {
        "alpha": 6.905413067526974, 
        "m_{0}": 38.55513195491887, 
        "sigma": 5.524192143025137, 
        "norm": 0.9999999966330329, 
        "n": 1.6014557785459758
    }, 
    "VVTightIso": {
        "alpha": 6.094920240346736, 
        "m_{0}": 38.03328568676706, 
        "sigma": 5.200341476065274, 
        "norm": 0.9999998938034598, 
        "n": 1.6912498300483498
    }
}
