{
    "TightIso": {
        "alpha": 14.059108040326125, 
        "m_{0}": 40.29471710352998, 
        "sigma": 7.86914115403891, 
        "norm": 0.9999647278646739, 
        "n": 1.180101815544478
    }, 
    "VTightIso": {
        "alpha": 11.190558467918098, 
        "m_{0}": 38.63953827612661, 
        "sigma": 7.389378523494392, 
        "norm": 0.818539785184176, 
        "n": 1.6373712046498128
    }, 
    "MediumIso": {
        "alpha": 10.59865309675933, 
        "m_{0}": 40.1762681170623, 
        "sigma": 7.8144123574041355, 
        "norm": 0.7909087133967009, 
        "n": 9.468298669895166
    }, 
    "LooseIso": {
        "alpha": 10.512193630584141, 
        "m_{0}": 40.81063368248934, 
        "sigma": 7.818987483470108, 
        "norm": 0.7642563541971858, 
        "n": 10.985190845587766
    }, 
    "NoIso": {
        "alpha": 11.841403541663073, 
        "m_{0}": 44.61974911191058, 
        "sigma": 8.823024805816253, 
        "norm": 0.9999999986555769, 
        "n": 1.2807865720447276
    }, 
    "VLooseIso": {
        "alpha": 18.31490769573635, 
        "m_{0}": 42.41050362417169, 
        "sigma": 8.201898577333544, 
        "norm": 0.9999609492621434, 
        "n": 1.0362475722981677
    }, 
    "VVTightIso": {
        "alpha": 11.323163710066515, 
        "m_{0}": 39.22025182087111, 
        "sigma": 7.903256445701237, 
        "norm": 0.9922922970319421, 
        "n": 1.329621655432141
    }
}
