{
    "TightIso": {
        "alpha": 12.070670980395855, 
        "m_{0}": 39.494143386125316, 
        "sigma": 7.81657352252991, 
        "norm": 0.9285928547133806, 
        "n": 1.3705659569347173
    }, 
    "VTightIso": {
        "alpha": 11.524864337538087, 
        "m_{0}": 39.05405863208523, 
        "sigma": 7.783270444853308, 
        "norm": 0.8869966198192509, 
        "n": 1.4880964758412347
    }, 
    "MediumIso": {
        "alpha": 12.00732642741725, 
        "m_{0}": 39.7077755745611, 
        "sigma": 7.808952978615444, 
        "norm": 0.8533912659211266, 
        "n": 1.7146164406222522
    }, 
    "LooseIso": {
        "alpha": 11.60376165398781, 
        "m_{0}": 39.994639395434355, 
        "sigma": 7.808276664746128, 
        "norm": 0.814011005745741, 
        "n": 2.303727566312477
    }, 
    "NoIso": {
        "alpha": 13.700005758964908, 
        "m_{0}": 41.15681648628909, 
        "sigma": 8.218804408652382, 
        "norm": 0.9999999995353359, 
        "n": 1.1572768468134527
    }, 
    "VLooseIso": {
        "alpha": 15.298513560442869, 
        "m_{0}": 40.65516921034017, 
        "sigma": 8.00283209227304, 
        "norm": 0.9999912710382705, 
        "n": 1.0965308369685862
    }, 
    "VVTightIso": {
        "alpha": 11.324622930001084, 
        "m_{0}": 39.220443281558246, 
        "sigma": 7.903281485309459, 
        "norm": 0.9925634447262118, 
        "n": 1.3291009590022
    }
}
